{"errors":[],"warnings":[],"namedChunkGroups":{"app":{"chunks":[7,2],"assets":["webpack-runtime-15397bbe7fe268ca3a22.js","webpack-runtime-15397bbe7fe268ca3a22.js.map","app-56ed2dcbc9dd07530401.js","app-56ed2dcbc9dd07530401.js.map"],"children":{},"childAssets":{}},"component---src-templates-blog-post-js":{"chunks":[0,1,8,6],"assets":["0.67203e8a3f92c8c6c9cb.css","0-5351d0f4186296c287f0.js","0-5351d0f4186296c287f0.js.map","1-a0795841154adac72ff6.js","1-a0795841154adac72ff6.js.map","8-52ac48e4cedb07ca163a.js","8-52ac48e4cedb07ca163a.js.map","component---src-templates-blog-post-js.14269ed5d3e34c2fb0d1.css","component---src-templates-blog-post-js-ff6c4cf562d0f0e50ad3.js","component---src-templates-blog-post-js-ff6c4cf562d0f0e50ad3.js.map"],"children":{},"childAssets":{}},"component---src-pages-404-js":{"chunks":[0,3],"assets":["0.67203e8a3f92c8c6c9cb.css","0-5351d0f4186296c287f0.js","0-5351d0f4186296c287f0.js.map","component---src-pages-404-js.54ddcd0d9990c5a713d0.css","component---src-pages-404-js-548ddeb65a931d8b4894.js","component---src-pages-404-js-548ddeb65a931d8b4894.js.map"],"children":{},"childAssets":{}},"component---src-pages-index-js":{"chunks":[0,1,4],"assets":["0.67203e8a3f92c8c6c9cb.css","0-5351d0f4186296c287f0.js","0-5351d0f4186296c287f0.js.map","1-a0795841154adac72ff6.js","1-a0795841154adac72ff6.js.map","component---src-pages-index-js.83eee7ee88469133af3e.css","component---src-pages-index-js-f2d1336b417cc6d2eb2a.js","component---src-pages-index-js-f2d1336b417cc6d2eb2a.js.map"],"children":{},"childAssets":{}},"component---src-pages-page-2-js":{"chunks":[0,5],"assets":["0.67203e8a3f92c8c6c9cb.css","0-5351d0f4186296c287f0.js","0-5351d0f4186296c287f0.js.map","component---src-pages-page-2-js.54ddcd0d9990c5a713d0.css","component---src-pages-page-2-js-4f54fd3ae7c8cebc2f0a.js","component---src-pages-page-2-js-4f54fd3ae7c8cebc2f0a.js.map"],"children":{},"childAssets":{}}},"assetsByChunkName":{"app":["webpack-runtime-15397bbe7fe268ca3a22.js","app-56ed2dcbc9dd07530401.js"],"component---src-templates-blog-post-js":["0.67203e8a3f92c8c6c9cb.css","0-5351d0f4186296c287f0.js","1-a0795841154adac72ff6.js","8-52ac48e4cedb07ca163a.js","component---src-templates-blog-post-js.14269ed5d3e34c2fb0d1.css","component---src-templates-blog-post-js-ff6c4cf562d0f0e50ad3.js"],"component---src-pages-404-js":["0.67203e8a3f92c8c6c9cb.css","0-5351d0f4186296c287f0.js","component---src-pages-404-js.54ddcd0d9990c5a713d0.css","component---src-pages-404-js-548ddeb65a931d8b4894.js"],"component---src-pages-index-js":["0.67203e8a3f92c8c6c9cb.css","0-5351d0f4186296c287f0.js","1-a0795841154adac72ff6.js","component---src-pages-index-js.83eee7ee88469133af3e.css","component---src-pages-index-js-f2d1336b417cc6d2eb2a.js"],"component---src-pages-page-2-js":["0.67203e8a3f92c8c6c9cb.css","0-5351d0f4186296c287f0.js","component---src-pages-page-2-js.54ddcd0d9990c5a713d0.css","component---src-pages-page-2-js-4f54fd3ae7c8cebc2f0a.js"]}}