{"errors":[],"warnings":[],"namedChunkGroups":{"app":{"chunks":[7,2],"assets":["webpack-runtime-09f48f913aac83edc222.js","webpack-runtime-09f48f913aac83edc222.js.map","app-56ed2dcbc9dd07530401.js","app-56ed2dcbc9dd07530401.js.map"],"children":{},"childAssets":{}},"component---src-templates-blog-post-js":{"chunks":[0,1,8,6],"assets":["0.67203e8a3f92c8c6c9cb.css","0-7ca16a13dc26e28071b4.js","0-7ca16a13dc26e28071b4.js.map","1-8f92e2ff719e7df31745.js","1-8f92e2ff719e7df31745.js.map","8-40d347cf441ab50e9eec.js","8-40d347cf441ab50e9eec.js.map","component---src-templates-blog-post-js.8e9479876ee3864df8ad.css","component---src-templates-blog-post-js-3286e544d64ed44ea30d.js","component---src-templates-blog-post-js-3286e544d64ed44ea30d.js.map"],"children":{},"childAssets":{}},"component---src-pages-404-js":{"chunks":[0,3],"assets":["0.67203e8a3f92c8c6c9cb.css","0-7ca16a13dc26e28071b4.js","0-7ca16a13dc26e28071b4.js.map","component---src-pages-404-js.cfd6fa8cb53e5e43daf2.css","component---src-pages-404-js-02815836d806cb982e3b.js","component---src-pages-404-js-02815836d806cb982e3b.js.map"],"children":{},"childAssets":{}},"component---src-pages-index-js":{"chunks":[0,1,4],"assets":["0.67203e8a3f92c8c6c9cb.css","0-7ca16a13dc26e28071b4.js","0-7ca16a13dc26e28071b4.js.map","1-8f92e2ff719e7df31745.js","1-8f92e2ff719e7df31745.js.map","component---src-pages-index-js.9198c601bcda55b27e77.css","component---src-pages-index-js-1b5f9ad9b3c79497a5ac.js","component---src-pages-index-js-1b5f9ad9b3c79497a5ac.js.map"],"children":{},"childAssets":{}},"component---src-pages-page-2-js":{"chunks":[0,5],"assets":["0.67203e8a3f92c8c6c9cb.css","0-7ca16a13dc26e28071b4.js","0-7ca16a13dc26e28071b4.js.map","component---src-pages-page-2-js.cfd6fa8cb53e5e43daf2.css","component---src-pages-page-2-js-3f79bdc12201fecf8691.js","component---src-pages-page-2-js-3f79bdc12201fecf8691.js.map"],"children":{},"childAssets":{}}},"assetsByChunkName":{"app":["webpack-runtime-09f48f913aac83edc222.js","app-56ed2dcbc9dd07530401.js"],"component---src-templates-blog-post-js":["0.67203e8a3f92c8c6c9cb.css","0-7ca16a13dc26e28071b4.js","1-8f92e2ff719e7df31745.js","8-40d347cf441ab50e9eec.js","component---src-templates-blog-post-js.8e9479876ee3864df8ad.css","component---src-templates-blog-post-js-3286e544d64ed44ea30d.js"],"component---src-pages-404-js":["0.67203e8a3f92c8c6c9cb.css","0-7ca16a13dc26e28071b4.js","component---src-pages-404-js.cfd6fa8cb53e5e43daf2.css","component---src-pages-404-js-02815836d806cb982e3b.js"],"component---src-pages-index-js":["0.67203e8a3f92c8c6c9cb.css","0-7ca16a13dc26e28071b4.js","1-8f92e2ff719e7df31745.js","component---src-pages-index-js.9198c601bcda55b27e77.css","component---src-pages-index-js-1b5f9ad9b3c79497a5ac.js"],"component---src-pages-page-2-js":["0.67203e8a3f92c8c6c9cb.css","0-7ca16a13dc26e28071b4.js","component---src-pages-page-2-js.cfd6fa8cb53e5e43daf2.css","component---src-pages-page-2-js-3f79bdc12201fecf8691.js"]}}