{"errors":[],"warnings":[],"namedChunkGroups":{"app":{"chunks":[7,2],"assets":["webpack-runtime-8d1b025c9539fed5f5fe.js","webpack-runtime-8d1b025c9539fed5f5fe.js.map","app-46d306591ab2cfedbce4.js","app-46d306591ab2cfedbce4.js.map"],"children":{},"childAssets":{}},"component---src-templates-blog-post-js":{"chunks":[0,1,8,6],"assets":["0.67203e8a3f92c8c6c9cb.css","0-8344ccfb433a1f841116.js","0-8344ccfb433a1f841116.js.map","1-8f92e2ff719e7df31745.js","1-8f92e2ff719e7df31745.js.map","8-4a38bdab9b5e2131b192.js","8-4a38bdab9b5e2131b192.js.map","component---src-templates-blog-post-js.d420c9285e1f2b99bc70.css","component---src-templates-blog-post-js-a432852d8724125e898c.js","component---src-templates-blog-post-js-a432852d8724125e898c.js.map"],"children":{},"childAssets":{}},"component---src-pages-404-js":{"chunks":[0,3],"assets":["0.67203e8a3f92c8c6c9cb.css","0-8344ccfb433a1f841116.js","0-8344ccfb433a1f841116.js.map","component---src-pages-404-js.cfd6fa8cb53e5e43daf2.css","component---src-pages-404-js-02815836d806cb982e3b.js","component---src-pages-404-js-02815836d806cb982e3b.js.map"],"children":{},"childAssets":{}},"component---src-pages-index-js":{"chunks":[0,1,4],"assets":["0.67203e8a3f92c8c6c9cb.css","0-8344ccfb433a1f841116.js","0-8344ccfb433a1f841116.js.map","1-8f92e2ff719e7df31745.js","1-8f92e2ff719e7df31745.js.map","component---src-pages-index-js.1e4c03736e08d2bfdc74.css","component---src-pages-index-js-6c783511401a5ad995df.js","component---src-pages-index-js-6c783511401a5ad995df.js.map"],"children":{},"childAssets":{}},"component---src-pages-page-2-js":{"chunks":[0,5],"assets":["0.67203e8a3f92c8c6c9cb.css","0-8344ccfb433a1f841116.js","0-8344ccfb433a1f841116.js.map","component---src-pages-page-2-js.cfd6fa8cb53e5e43daf2.css","component---src-pages-page-2-js-3f79bdc12201fecf8691.js","component---src-pages-page-2-js-3f79bdc12201fecf8691.js.map"],"children":{},"childAssets":{}}},"assetsByChunkName":{"app":["webpack-runtime-8d1b025c9539fed5f5fe.js","app-46d306591ab2cfedbce4.js"],"component---src-templates-blog-post-js":["0.67203e8a3f92c8c6c9cb.css","0-8344ccfb433a1f841116.js","1-8f92e2ff719e7df31745.js","8-4a38bdab9b5e2131b192.js","component---src-templates-blog-post-js.d420c9285e1f2b99bc70.css","component---src-templates-blog-post-js-a432852d8724125e898c.js"],"component---src-pages-404-js":["0.67203e8a3f92c8c6c9cb.css","0-8344ccfb433a1f841116.js","component---src-pages-404-js.cfd6fa8cb53e5e43daf2.css","component---src-pages-404-js-02815836d806cb982e3b.js"],"component---src-pages-index-js":["0.67203e8a3f92c8c6c9cb.css","0-8344ccfb433a1f841116.js","1-8f92e2ff719e7df31745.js","component---src-pages-index-js.1e4c03736e08d2bfdc74.css","component---src-pages-index-js-6c783511401a5ad995df.js"],"component---src-pages-page-2-js":["0.67203e8a3f92c8c6c9cb.css","0-8344ccfb433a1f841116.js","component---src-pages-page-2-js.cfd6fa8cb53e5e43daf2.css","component---src-pages-page-2-js-3f79bdc12201fecf8691.js"]}}