{"errors":[],"warnings":[],"namedChunkGroups":{"app":{"chunks":[7,2],"assets":["webpack-runtime-7b1459a9eec35763fe5f.js","webpack-runtime-7b1459a9eec35763fe5f.js.map","app-e6ce20aee62126b9a69f.js","app-e6ce20aee62126b9a69f.js.map"],"children":{},"childAssets":{}},"component---src-templates-blog-post-js":{"chunks":[0,1,8,6],"assets":["0.67203e8a3f92c8c6c9cb.css","0-d85815c990a668fdd116.js","0-d85815c990a668fdd116.js.map","1-5a64d768f569f137cae9.js","1-5a64d768f569f137cae9.js.map","8-2ca48ac37643fcf08c3c.js","8-2ca48ac37643fcf08c3c.js.map","component---src-templates-blog-post-js.581cff325afcfb895a9a.css","component---src-templates-blog-post-js-77e43b24960af6470d81.js","component---src-templates-blog-post-js-77e43b24960af6470d81.js.map"],"children":{},"childAssets":{}},"component---src-pages-404-js":{"chunks":[0,3],"assets":["0.67203e8a3f92c8c6c9cb.css","0-d85815c990a668fdd116.js","0-d85815c990a668fdd116.js.map","component---src-pages-404-js.4652d057dffda102aff0.css","component---src-pages-404-js-278221762020d6443fe7.js","component---src-pages-404-js-278221762020d6443fe7.js.map"],"children":{},"childAssets":{}},"component---src-pages-index-js":{"chunks":[0,1,4],"assets":["0.67203e8a3f92c8c6c9cb.css","0-d85815c990a668fdd116.js","0-d85815c990a668fdd116.js.map","1-5a64d768f569f137cae9.js","1-5a64d768f569f137cae9.js.map","component---src-pages-index-js.59614efd82d4aa99b510.css","component---src-pages-index-js-774c593982d71ac40de8.js","component---src-pages-index-js-774c593982d71ac40de8.js.map"],"children":{},"childAssets":{}},"component---src-pages-page-2-js":{"chunks":[0,5],"assets":["0.67203e8a3f92c8c6c9cb.css","0-d85815c990a668fdd116.js","0-d85815c990a668fdd116.js.map","component---src-pages-page-2-js.4652d057dffda102aff0.css","component---src-pages-page-2-js-4a796207d3c6261098e9.js","component---src-pages-page-2-js-4a796207d3c6261098e9.js.map"],"children":{},"childAssets":{}}},"assetsByChunkName":{"app":["webpack-runtime-7b1459a9eec35763fe5f.js","app-e6ce20aee62126b9a69f.js"],"component---src-templates-blog-post-js":["0.67203e8a3f92c8c6c9cb.css","0-d85815c990a668fdd116.js","1-5a64d768f569f137cae9.js","8-2ca48ac37643fcf08c3c.js","component---src-templates-blog-post-js.581cff325afcfb895a9a.css","component---src-templates-blog-post-js-77e43b24960af6470d81.js"],"component---src-pages-404-js":["0.67203e8a3f92c8c6c9cb.css","0-d85815c990a668fdd116.js","component---src-pages-404-js.4652d057dffda102aff0.css","component---src-pages-404-js-278221762020d6443fe7.js"],"component---src-pages-index-js":["0.67203e8a3f92c8c6c9cb.css","0-d85815c990a668fdd116.js","1-5a64d768f569f137cae9.js","component---src-pages-index-js.59614efd82d4aa99b510.css","component---src-pages-index-js-774c593982d71ac40de8.js"],"component---src-pages-page-2-js":["0.67203e8a3f92c8c6c9cb.css","0-d85815c990a668fdd116.js","component---src-pages-page-2-js.4652d057dffda102aff0.css","component---src-pages-page-2-js-4a796207d3c6261098e9.js"]}}