{"errors":[],"warnings":[],"namedChunkGroups":{"app":{"chunks":[7,2],"assets":["webpack-runtime-b73d940768f7673dcd74.js","webpack-runtime-b73d940768f7673dcd74.js.map","app-56ed2dcbc9dd07530401.js","app-56ed2dcbc9dd07530401.js.map"],"children":{},"childAssets":{}},"component---src-templates-blog-post-js":{"chunks":[0,1,8,6],"assets":["0.67203e8a3f92c8c6c9cb.css","0-8344ccfb433a1f841116.js","0-8344ccfb433a1f841116.js.map","1-8f92e2ff719e7df31745.js","1-8f92e2ff719e7df31745.js.map","8-40e807a7dac2a98b548e.js","8-40e807a7dac2a98b548e.js.map","component---src-templates-blog-post-js.60dbe40506ed9c8509bf.css","component---src-templates-blog-post-js-496854c117fc30058a86.js","component---src-templates-blog-post-js-496854c117fc30058a86.js.map"],"children":{},"childAssets":{}},"component---src-pages-404-js":{"chunks":[0,3],"assets":["0.67203e8a3f92c8c6c9cb.css","0-8344ccfb433a1f841116.js","0-8344ccfb433a1f841116.js.map","component---src-pages-404-js.cfd6fa8cb53e5e43daf2.css","component---src-pages-404-js-02815836d806cb982e3b.js","component---src-pages-404-js-02815836d806cb982e3b.js.map"],"children":{},"childAssets":{}},"component---src-pages-index-js":{"chunks":[0,1,4],"assets":["0.67203e8a3f92c8c6c9cb.css","0-8344ccfb433a1f841116.js","0-8344ccfb433a1f841116.js.map","1-8f92e2ff719e7df31745.js","1-8f92e2ff719e7df31745.js.map","component---src-pages-index-js.1e4c03736e08d2bfdc74.css","component---src-pages-index-js-d57c9995a36404d94cc0.js","component---src-pages-index-js-d57c9995a36404d94cc0.js.map"],"children":{},"childAssets":{}},"component---src-pages-page-2-js":{"chunks":[0,5],"assets":["0.67203e8a3f92c8c6c9cb.css","0-8344ccfb433a1f841116.js","0-8344ccfb433a1f841116.js.map","component---src-pages-page-2-js.cfd6fa8cb53e5e43daf2.css","component---src-pages-page-2-js-3f79bdc12201fecf8691.js","component---src-pages-page-2-js-3f79bdc12201fecf8691.js.map"],"children":{},"childAssets":{}}},"assetsByChunkName":{"app":["webpack-runtime-b73d940768f7673dcd74.js","app-56ed2dcbc9dd07530401.js"],"component---src-templates-blog-post-js":["0.67203e8a3f92c8c6c9cb.css","0-8344ccfb433a1f841116.js","1-8f92e2ff719e7df31745.js","8-40e807a7dac2a98b548e.js","component---src-templates-blog-post-js.60dbe40506ed9c8509bf.css","component---src-templates-blog-post-js-496854c117fc30058a86.js"],"component---src-pages-404-js":["0.67203e8a3f92c8c6c9cb.css","0-8344ccfb433a1f841116.js","component---src-pages-404-js.cfd6fa8cb53e5e43daf2.css","component---src-pages-404-js-02815836d806cb982e3b.js"],"component---src-pages-index-js":["0.67203e8a3f92c8c6c9cb.css","0-8344ccfb433a1f841116.js","1-8f92e2ff719e7df31745.js","component---src-pages-index-js.1e4c03736e08d2bfdc74.css","component---src-pages-index-js-d57c9995a36404d94cc0.js"],"component---src-pages-page-2-js":["0.67203e8a3f92c8c6c9cb.css","0-8344ccfb433a1f841116.js","component---src-pages-page-2-js.cfd6fa8cb53e5e43daf2.css","component---src-pages-page-2-js-3f79bdc12201fecf8691.js"]}}