{"errors":[],"warnings":[],"namedChunkGroups":{"app":{"chunks":[7,2],"assets":["webpack-runtime-312706cb07313ad1e861.js","webpack-runtime-312706cb07313ad1e861.js.map","app-56ed2dcbc9dd07530401.js","app-56ed2dcbc9dd07530401.js.map"],"children":{},"childAssets":{}},"component---src-templates-blog-post-js":{"chunks":[0,1,8,6],"assets":["0.67203e8a3f92c8c6c9cb.css","0-d7c938556bf67c4617cd.js","0-d7c938556bf67c4617cd.js.map","1-85988f6c18779395e49b.js","1-85988f6c18779395e49b.js.map","8-72273a4638a76e07696e.js","8-72273a4638a76e07696e.js.map","component---src-templates-blog-post-js.f2f4241c63e028b34d61.css","component---src-templates-blog-post-js-24bb87658a98f67980a4.js","component---src-templates-blog-post-js-24bb87658a98f67980a4.js.map"],"children":{},"childAssets":{}},"component---src-pages-404-js":{"chunks":[0,3],"assets":["0.67203e8a3f92c8c6c9cb.css","0-d7c938556bf67c4617cd.js","0-d7c938556bf67c4617cd.js.map","component---src-pages-404-js.cfd6fa8cb53e5e43daf2.css","component---src-pages-404-js-d5c67e330bdd11a473a0.js","component---src-pages-404-js-d5c67e330bdd11a473a0.js.map"],"children":{},"childAssets":{}},"component---src-pages-index-js":{"chunks":[0,1,4],"assets":["0.67203e8a3f92c8c6c9cb.css","0-d7c938556bf67c4617cd.js","0-d7c938556bf67c4617cd.js.map","1-85988f6c18779395e49b.js","1-85988f6c18779395e49b.js.map","component---src-pages-index-js.1e4c03736e08d2bfdc74.css","component---src-pages-index-js-ae4378606152153b4e03.js","component---src-pages-index-js-ae4378606152153b4e03.js.map"],"children":{},"childAssets":{}},"component---src-pages-page-2-js":{"chunks":[0,5],"assets":["0.67203e8a3f92c8c6c9cb.css","0-d7c938556bf67c4617cd.js","0-d7c938556bf67c4617cd.js.map","component---src-pages-page-2-js.cfd6fa8cb53e5e43daf2.css","component---src-pages-page-2-js-a574ff10018107bd58a6.js","component---src-pages-page-2-js-a574ff10018107bd58a6.js.map"],"children":{},"childAssets":{}}},"assetsByChunkName":{"app":["webpack-runtime-312706cb07313ad1e861.js","app-56ed2dcbc9dd07530401.js"],"component---src-templates-blog-post-js":["0.67203e8a3f92c8c6c9cb.css","0-d7c938556bf67c4617cd.js","1-85988f6c18779395e49b.js","8-72273a4638a76e07696e.js","component---src-templates-blog-post-js.f2f4241c63e028b34d61.css","component---src-templates-blog-post-js-24bb87658a98f67980a4.js"],"component---src-pages-404-js":["0.67203e8a3f92c8c6c9cb.css","0-d7c938556bf67c4617cd.js","component---src-pages-404-js.cfd6fa8cb53e5e43daf2.css","component---src-pages-404-js-d5c67e330bdd11a473a0.js"],"component---src-pages-index-js":["0.67203e8a3f92c8c6c9cb.css","0-d7c938556bf67c4617cd.js","1-85988f6c18779395e49b.js","component---src-pages-index-js.1e4c03736e08d2bfdc74.css","component---src-pages-index-js-ae4378606152153b4e03.js"],"component---src-pages-page-2-js":["0.67203e8a3f92c8c6c9cb.css","0-d7c938556bf67c4617cd.js","component---src-pages-page-2-js.cfd6fa8cb53e5e43daf2.css","component---src-pages-page-2-js-a574ff10018107bd58a6.js"]}}